Position,Maximum Level,Points,Training_Shooting,Training_Passing,Training_Dribbling,Training_Dexterity,Training_Lower Body Strength,Training_Aerial Strength,Training_Defending,Training_GK 1,Training_GK 2,Training_GK 3
GK,1,0,0,0,0,0,0,0,0,0,0,0
GK,2,2,0,0,0,0,0,0,0,2,0,0
GK,3,4,0,0,0,0,0,0,0,4,0,0
GK,4,6,0,0,0,0,0,0,0,4,2,0
GK,5,8,0,0,0,0,0,0,0,4,4,0
GK,6,10,0,0,0,0,0,0,0,4,4,2
GK,7,12,0,0,0,0,0,0,0,4,4,4
GK,8,14,0,0,0,0,0,2,0,4,4,4
GK,9,16,0,0,0,0,0,4,0,4,4,4
GK,10,18,0,0,0,0,0,4,0,5,4,4
GK,11,20,0,0,0,0,0,4,0,6,4,4
GK,12,22,0,0,0,0,0,4,0,7,4,4
GK,13,24,0,0,0,0,0,4,0,8,4,4
GK,14,26,0,0,0,0,0,4,0,8,5,4
GK,15,28,0,0,0,0,0,4,0,8,6,4
GK,16,30,0,0,0,0,0,4,0,8,7,4
GK,17,32,0,0,0,0,0,4,0,8,8,4
GK,18,34,0,0,0,0,0,4,0,8,8,5
GK,19,36,0,0,0,0,0,4,0,8,8,6
GK,20,38,0,0,0,0,0,4,0,8,8,7
GK,21,40,0,0,0,0,0,4,0,8,8,8
GK,22,42,0,0,0,0,0,5,0,8,8,8
GK,23,44,0,1,0,0,0,4,0,9,8,8
GK,24,46,0,0,0,0,0,4,0,10,8,8
GK,25,48,0,0,0,0,0,5,0,10,8,8
GK,26,50,0,1,0,0,0,4,0,11,8,8
GK,27,52,0,0,0,0,0,4,0,12,8,8
GK,28,54,0,0,0,0,0,5,0,12,8,8
GK,29,56,0,1,0,0,0,4,0,12,9,8
GK,30,58,0,0,0,0,0,4,0,12,10,8
GK,31,60,0,0,0,0,0,5,0,12,10,8
GK,32,62,0,1,0,0,0,4,0,12,11,8
GK,33,64,0,0,0,0,0,4,0,12,12,8
GK,34,66,0,0,0,0,0,5,0,12,12,8
GK,35,68,0,1,0,0,0,4,0,12,12,9
GK,36,70,0,0,0,0,0,4,0,12,12,10
GK,37,72,0,0,0,0,0,5,0,12,12,10
GK,38,74,0,1,0,0,0,4,0,12,12,11
GK,39,76,0,0,0,0,0,4,0,12,12,12
GK,40,78,0,0,0,0,0,5,0,12,12,12
GK,41,80,0,0,0,0,0,6,0,12,12,12
GK,42,82,0,0,0,0,0,7,0,12,12,12
GK,43,84,0,0,0,0,0,8,0,12,12,12
GK,44,86,0,2,0,0,0,8,0,12,12,12
GK,45,88,0,0,0,0,0,8,0,13,12,12
GK,46,90,0,2,0,0,0,8,0,13,12,12
GK,47,92,0,0,0,0,0,8,0,14,12,12
GK,48,94,0,2,0,0,0,8,0,14,12,12
GK,49,96,0,0,0,0,0,8,0,15,12,12
GK,50,98,0,2,0,0,0,8,0,15,12,12
GK,51,100,0,0,0,0,0,8,0,16,12,12
GK,52,102,0,2,0,0,0,8,0,16,12,12
GK,53,104,0,0,0,0,0,8,0,16,13,12
GK,54,106,0,2,0,0,0,8,0,16,13,12
GK,55,108,0,0,0,0,0,8,0,16,14,12
GK,56,110,0,2,0,0,0,8,0,16,14,12
GK,57,112,0,0,0,0,0,8,0,16,15,12
GK,58,114,0,2,0,0,0,8,0,16,15,12
GK,59,116,0,0,0,0,0,8,0,16,16,12
GK,60,118,0,2,0,0,0,8,0,16,16,12
GK,61,120,0,0,0,0,0,8,0,16,16,13
GK,62,122,0,2,0,0,0,8,0,16,16,13
GK,63,124,0,0,0,0,0,8,0,16,16,14
GK,64,126,0,2,0,0,0,8,0,16,16,14
GK,65,128,0,0,0,0,0,8,0,16,16,15
GK,66,130,0,2,0,0,0,8,0,16,16,15
GK,67,132,0,0,0,0,0,8,0,16,16,16
GK,68,134,0,2,0,0,0,8,0,16,16,16
GK,69,136,0,1,0,0,0,9,0,16,16,16
GK,70,138,0,1,0,0,0,8,0,17,16,16
GK,71,140,0,0,0,0,0,9,0,17,16,16
GK,72,142,0,0,0,0,0,8,0,18,16,16
GK,73,144,0,2,0,0,0,8,0,18,16,16
GK,74,146,0,1,0,0,0,9,0,18,16,16
GK,75,148,0,1,0,0,0,8,0,19,16,16
GK,76,150,0,0,0,0,0,9,0,19,16,16
GK,77,152,0,0,0,0,0,8,0,20,16,16
GK,78,154,0,2,0,0,0,8,0,20,16,16
GK,79,156,0,1,0,0,0,9,0,20,16,16
GK,80,158,0,1,0,0,0,8,0,20,17,16
GK,81,160,0,0,0,0,0,9,0,20,17,16
CB,1,0,0,0,0,0,0,0,0,0,0,0
CB,2,2,0,0,0,0,0,0,2,0,0,0
CB,3,4,0,0,0,0,0,0,4,0,0,0
CB,4,6,0,0,0,0,0,2,4,0,0,0
CB,5,8,0,0,0,0,0,4,4,0,0,0
CB,6,10,0,0,0,0,0,4,5,0,0,0
CB,7,12,0,0,0,0,0,4,6,0,0,0
CB,8,14,0,0,0,0,0,4,7,0,0,0
CB,9,16,0,0,0,0,0,4,8,0,0,0
CB,10,18,0,0,0,0,2,4,8,0,0,0
CB,11,20,0,0,0,0,4,4,8,0,0,0
CB,12,22,0,0,0,0,4,5,8,0,0,0
CB,13,24,0,0,0,1,4,4,9,0,0,0
CB,14,26,0,0,0,0,4,4,10,0,0,0
CB,15,28,0,0,0,0,4,5,10,0,0,0
CB,16,30,0,0,0,1,4,4,11,0,0,0
CB,17,32,0,0,0,0,4,4,12,0,0,0
CB,18,34,0,0,0,0,4,5,12,0,0,0
CB,19,36,0,0,0,0,4,6,12,0,0,0
CB,20,38,0,0,0,0,4,7,12,0,0,0
CB,21,40,0,0,0,0,4,8,12,0,0,0
CB,22,42,0,0,0,2,4,8,12,0,0,0
CB,23,44,0,0,0,4,4,8,12,0,0,0
CB,24,46,0,0,0,4,5,8,12,0,0,0
CB,25,48,0,0,0,4,4,8,13,0,0,0
CB,26,50,0,0,0,4,5,8,13,0,0,0
CB,27,52,0,0,0,4,4,8,14,0,0,0
CB,28,54,0,0,0,4,5,8,14,0,0,0
CB,29,56,0,0,0,4,4,8,15,0,0,0
CB,30,58,0,0,0,4,5,8,15,0,0,0
CB,31,60,0,0,0,4,4,8,16,0,0,0
CB,32,62,0,0,0,4,5,8,16,0,0,0
CB,33,64,0,1,0,4,4,9,16,0,0,0
CB,34,66,0,0,0,4,4,10,16,0,0,0
CB,35,68,0,0,0,4,5,10,16,0,0,0
CB,36,70,0,1,0,4,4,11,16,0,0,0
CB,37,72,0,0,0,4,4,12,16,0,0,0
CB,38,74,0,0,0,4,5,12,16,0,0,0
CB,39,76,0,0,0,4,6,12,16,0,0,0
CB,40,78,0,0,0,4,7,12,16,0,0,0
CB,41,80,0,0,0,4,8,12,16,0,0,0
CB,42,82,0,2,0,4,8,12,16,0,0,0
CB,43,84,0,4,0,4,8,12,16,0,0,0
CB,44,86,0,1,0,4,8,12,17,0,0,0
CB,45,88,0,3,0,4,8,12,17,0,0,0
CB,46,90,0,0,0,4,8,12,18,0,0,0
CB,47,92,0,2,0,4,8,12,18,0,0,0
CB,48,94,0,4,0,4,8,12,18,0,0,0
CB,49,96,0,1,0,4,8,12,19,0,0,0
CB,50,98,0,3,0,4,8,12,19,0,0,0
CB,51,100,0,0,0,4,8,12,20,0,0,0
CB,52,102,0,2,0,4,8,12,20,0,0,0
CB,53,104,0,4,0,4,8,12,20,0,0,0
CB,54,106,0,4,0,4,8,12,20,2,0,0
CB,55,108,0,4,0,4,8,12,20,4,0,0
CB,56,110,0,4,0,5,8,12,20,4,0,0
CB,57,112,0,4,0,4,8,13,20,4,0,0
CB,58,114,0,4,0,4,8,12,21,4,0,0
CB,59,116,0,4,0,5,8,12,21,4,0,0
CB,60,118,0,4,0,4,8,13,21,4,0,0
CB,61,120,0,4,0,4,8,12,22,4,0,0
CB,62,122,0,4,0,5,8,12,22,4,0,0
CB,63,124,0,4,0,4,8,13,22,4,0,0
CB,64,126,0,4,0,4,8,12,23,4,0,0
CB,65,128,0,4,0,5,8,12,23,4,0,0
CB,66,130,0,4,0,4,8,13,23,4,0,0
CB,67,132,0,4,0,4,8,12,24,4,0,0
CB,68,134,0,4,0,5,8,12,24,4,0,0
CB,69,136,0,4,0,4,8,13,24,4,0,0
CB,70,138,0,4,0,5,8,13,24,4,0,0
CB,71,140,0,4,0,4,8,14,24,4,0,0
CB,72,142,0,4,0,5,8,14,24,4,0,0
CB,73,144,0,4,0,4,8,15,24,4,0,0
CB,74,146,0,4,0,5,8,15,24,4,0,0
CB,75,148,0,4,0,4,8,16,24,4,0,0
CB,76,150,0,4,0,5,8,16,24,4,0,0
CB,77,152,0,4,0,6,8,16,24,4,0,0
CB,78,154,0,4,0,7,8,16,24,4,0,0
CB,79,156,0,4,0,8,8,16,24,4,0,0
CB,80,158,2,4,0,8,8,16,24,4,0,0
CB,81,160,1,4,0,8,9,16,24,4,0,0
LB,1,0,0,0,0,0,0,0,0,0,0,0
LB,2,2,0,0,0,0,2,0,0,0,0,0
LB,3,4,0,0,0,0,4,0,0,0,0,0
LB,4,6,0,0,0,0,4,0,2,0,0,0
LB,5,8,0,0,0,0,4,0,4,0,0,0
LB,6,10,0,0,0,2,4,0,4,0,0,0
LB,7,12,0,0,0,4,4,0,4,0,0,0
LB,8,14,0,0,0,4,5,0,4,0,0,0
LB,9,16,0,0,0,4,6,0,4,0,0,0
LB,10,18,0,0,0,4,7,0,4,0,0,0
LB,11,20,0,0,0,4,8,0,4,0,0,0
LB,12,22,0,2,0,4,8,0,4,0,0,0
LB,13,24,0,4,0,4,8,0,4,0,0,0
LB,14,26,0,4,2,4,8,0,4,0,0,0
LB,15,28,0,4,4,4,8,0,4,0,0,0
LB,16,30,0,4,4,4,8,2,4,0,0,0
LB,17,32,0,4,4,4,8,4,4,0,0,0
LB,18,34,0,4,4,4,8,4,5,0,0,0
LB,19,36,0,4,4,4,8,4,6,0,0,0
LB,20,38,0,4,4,4,8,4,7,0,0,0
LB,21,40,0,4,4,4,8,4,8,0,0,0
LB,22,42,0,4,4,5,8,4,8,0,0,0
LB,23,44,1,4,4,4,9,4,8,0,0,0
LB,24,46,0,4,4,4,10,4,8,0,0,0
LB,25,48,0,4,4,5,10,4,8,0,0,0
LB,26,50,1,4,4,4,11,4,8,0,0,0
LB,27,52,0,4,4,4,12,4,8,0,0,0
LB,28,54,0,4,4,5,12,4,8,0,0,0
LB,29,56,0,4,4,6,12,4,8,0,0,0
LB,30,58,0,4,4,7,12,4,8,0,0,0
LB,31,60,0,4,4,8,12,4,8,0,0,0
LB,32,62,0,5,4,8,12,4,8,0,0,0
LB,33,64,0,4,4,8,13,4,8,0,0,0
LB,34,66,0,5,4,8,13,4,8,0,0,0
LB,35,68,0,4,4,8,14,4,8,0,0,0
LB,36,70,0,5,4,8,14,4,8,0,0,0
LB,37,72,0,4,4,8,15,4,8,0,0,0
LB,38,74,0,5,4,8,15,4,8,0,0,0
LB,39,76,0,4,4,8,16,4,8,0,0,0
LB,40,78,0,5,4,8,16,4,8,0,0,0
LB,41,80,0,6,4,8,16,4,8,0,0,0
LB,42,82,0,7,4,8,16,4,8,0,0,0
LB,43,84,0,8,4,8,16,4,8,0,0,0
LB,44,86,0,8,5,8,16,4,8,0,0,0
LB,45,88,1,8,4,8,16,4,9,0,0,0
LB,46,90,0,8,4,8,16,4,10,0,0,0
LB,47,92,0,8,5,8,16,4,10,0,0,0
LB,48,94,1,8,4,8,16,4,11,0,0,0
LB,49,96,0,8,4,8,16,4,12,0,0,0
LB,50,98,0,8,5,8,16,4,12,0,0,0
LB,51,100,0,8,6,8,16,4,12,0,0,0
LB,52,102,0,8,7,8,16,4,12,0,0,0
LB,53,104,0,8,8,8,16,4,12,0,0,0
LB,54,106,0,8,8,8,16,5,12,0,0,0
LB,55,108,1,8,8,9,16,4,12,0,0,0
LB,56,110,0,8,8,10,16,4,12,0,0,0
LB,57,112,0,8,8,10,16,5,12,0,0,0
LB,58,114,1,8,8,11,16,4,12,0,0,0
LB,59,116,0,8,8,12,16,4,12,0,0,0
LB,60,118,0,8,8,12,16,5,12,0,0,0
LB,61,120,0,8,8,12,16,6,12,0,0,0
LB,62,122,1,8,8,12,17,4,12,0,0,0
LB,63,124,1,8,8,12,17,5,12,0,0,0
LB,64,126,0,8,8,12,18,4,12,0,0,0
LB,65,128,0,8,8,12,18,5,12,0,0,0
LB,66,130,0,8,8,12,18,6,12,0,0,0
LB,67,132,1,8,8,12,19,4,12,0,0,0
LB,68,134,1,8,8,12,19,5,12,0,0,0
LB,69,136,0,8,8,12,20,4,12,0,0,0
LB,70,138,0,8,8,12,20,5,12,0,0,0
LB,71,140,0,8,8,12,20,6,12,0,0,0
LB,72,142,0,8,8,12,20,7,12,0,0,0
LB,73,144,0,8,8,12,20,8,12,0,0,0
LB,74,146,2,8,8,12,20,8,12,0,0,0
LB,75,148,0,8,8,12,20,8,13,0,0,0
LB,76,150,2,8,8,12,20,8,13,0,0,0
LB,77,152,0,8,8,12,20,8,14,0,0,0
LB,78,154,2,8,8,12,20,8,14,0,0,0
LB,79,156,0,8,8,12,20,8,15,0,0,0
LB,80,158,2,8,8,12,20,8,15,0,0,0
LB,81,160,0,8,8,12,20,8,16,0,0,0
RB,1,0,0,0,0,0,0,0,0,0,0,0
RB,2,2,0,0,0,0,2,0,0,0,0,0
RB,3,4,0,0,0,0,4,0,0,0,0,0
RB,4,6,0,0,0,0,4,0,2,0,0,0
RB,5,8,0,0,0,0,4,0,4,0,0,0
RB,6,10,0,0,0,2,4,0,4,0,0,0
RB,7,12,0,0,0,4,4,0,4,0,0,0
RB,8,14,0,0,0,4,5,0,4,0,0,0
RB,9,16,0,0,0,4,6,0,4,0,0,0
RB,10,18,0,0,0,4,7,0,4,0,0,0
RB,11,20,0,0,0,4,8,0,4,0,0,0
RB,12,22,0,2,0,4,8,0,4,0,0,0
RB,13,24,0,4,0,4,8,0,4,0,0,0
RB,14,26,0,4,2,4,8,0,4,0,0,0
RB,15,28,0,4,4,4,8,0,4,0,0,0
RB,16,30,0,4,4,4,8,2,4,0,0,0
RB,17,32,0,4,4,4,8,4,4,0,0,0
RB,18,34,0,4,4,4,8,4,5,0,0,0
RB,19,36,0,4,4,4,8,4,6,0,0,0
RB,20,38,0,4,4,4,8,4,7,0,0,0
RB,21,40,0,4,4,4,8,4,8,0,0,0
RB,22,42,0,4,4,5,8,4,8,0,0,0
RB,23,44,1,4,4,4,9,4,8,0,0,0
RB,24,46,0,4,4,4,10,4,8,0,0,0
RB,25,48,0,4,4,5,10,4,8,0,0,0
RB,26,50,1,4,4,4,11,4,8,0,0,0
RB,27,52,0,4,4,4,12,4,8,0,0,0
RB,28,54,0,4,4,5,12,4,8,0,0,0
RB,29,56,0,4,4,6,12,4,8,0,0,0
RB,30,58,0,4,4,7,12,4,8,0,0,0
RB,31,60,0,4,4,8,12,4,8,0,0,0
RB,32,62,0,5,4,8,12,4,8,0,0,0
RB,33,64,0,4,4,8,13,4,8,0,0,0
RB,34,66,0,5,4,8,13,4,8,0,0,0
RB,35,68,0,4,4,8,14,4,8,0,0,0
RB,36,70,0,5,4,8,14,4,8,0,0,0
RB,37,72,0,4,4,8,15,4,8,0,0,0
RB,38,74,0,5,4,8,15,4,8,0,0,0
RB,39,76,0,4,4,8,16,4,8,0,0,0
RB,40,78,0,5,4,8,16,4,8,0,0,0
RB,41,80,0,6,4,8,16,4,8,0,0,0
RB,42,82,0,7,4,8,16,4,8,0,0,0
RB,43,84,0,8,4,8,16,4,8,0,0,0
RB,44,86,0,8,5,8,16,4,8,0,0,0
RB,45,88,1,8,4,8,16,4,9,0,0,0
RB,46,90,0,8,4,8,16,4,10,0,0,0
RB,47,92,0,8,5,8,16,4,10,0,0,0
RB,48,94,1,8,4,8,16,4,11,0,0,0
RB,49,96,0,8,4,8,16,4,12,0,0,0
RB,50,98,0,8,5,8,16,4,12,0,0,0
RB,51,100,0,8,6,8,16,4,12,0,0,0
RB,52,102,0,8,7,8,16,4,12,0,0,0
RB,53,104,0,8,8,8,16,4,12,0,0,0
RB,54,106,0,8,8,8,16,5,12,0,0,0
RB,55,108,1,8,8,9,16,4,12,0,0,0
RB,56,110,0,8,8,10,16,4,12,0,0,0
RB,57,112,0,8,8,10,16,5,12,0,0,0
RB,58,114,1,8,8,11,16,4,12,0,0,0
RB,59,116,0,8,8,12,16,4,12,0,0,0
RB,60,118,0,8,8,12,16,5,12,0,0,0
RB,61,120,0,8,8,12,16,6,12,0,0,0
RB,62,122,1,8,8,12,17,4,12,0,0,0
RB,63,124,1,8,8,12,17,5,12,0,0,0
RB,64,126,0,8,8,12,18,4,12,0,0,0
RB,65,128,0,8,8,12,18,5,12,0,0,0
RB,66,130,0,8,8,12,18,6,12,0,0,0
RB,67,132,1,8,8,12,19,4,12,0,0,0
RB,68,134,1,8,8,12,19,5,12,0,0,0
RB,69,136,0,8,8,12,20,4,12,0,0,0
RB,70,138,0,8,8,12,20,5,12,0,0,0
RB,71,140,0,8,8,12,20,6,12,0,0,0
RB,72,142,0,8,8,12,20,7,12,0,0,0
RB,73,144,0,8,8,12,20,8,12,0,0,0
RB,74,146,2,8,8,12,20,8,12,0,0,0
RB,75,148,0,8,8,12,20,8,13,0,0,0
RB,76,150,2,8,8,12,20,8,13,0,0,0
RB,77,152,0,8,8,12,20,8,14,0,0,0
RB,78,154,2,8,8,12,20,8,14,0,0,0
RB,79,156,0,8,8,12,20,8,15,0,0,0
RB,80,158,2,8,8,12,20,8,15,0,0,0
RB,81,160,0,8,8,12,20,8,16,0,0,0
DMF,1,0,0,0,0,0,0,0,0,0,0,0
DMF,2,2,0,0,0,0,0,0,2,0,0,0
DMF,3,4,0,0,0,0,0,0,4,0,0,0
DMF,4,6,0,0,0,0,2,0,4,0,0,0
DMF,5,8,0,0,0,0,4,0,4,0,0,0
DMF,6,10,0,2,0,0,4,0,4,0,0,0
DMF,7,12,0,4,0,0,4,0,4,0,0,0
DMF,8,14,0,4,0,0,4,0,5,0,0,0
DMF,9,16,0,4,0,0,4,0,6,0,0,0
DMF,10,18,0,4,0,0,4,0,7,0,0,0
DMF,11,20,0,4,0,0,4,0,8,0,0,0
DMF,12,22,0,4,0,0,4,2,8,0,0,0
DMF,13,24,0,4,0,0,4,4,8,0,0,0
DMF,14,26,0,4,2,0,4,4,8,0,0,0
DMF,15,28,0,4,4,0,4,4,8,0,0,0
DMF,16,30,0,4,4,0,5,4,8,0,0,0
DMF,17,32,0,4,4,1,4,4,9,0,0,0
DMF,18,34,0,4,4,0,4,4,10,0,0,0
DMF,19,36,0,4,4,0,5,4,10,0,0,0
DMF,20,38,0,4,4,1,4,4,11,0,0,0
DMF,21,40,0,4,4,0,4,4,12,0,0,0
DMF,22,42,0,4,4,0,5,4,12,0,0,0
DMF,23,44,0,4,4,0,6,4,12,0,0,0
DMF,24,46,0,4,4,0,7,4,12,0,0,0
DMF,25,48,0,4,4,0,8,4,12,0,0,0
DMF,26,50,0,4,4,2,8,4,12,0,0,0
DMF,27,52,0,4,4,4,8,4,12,0,0,0
DMF,28,54,0,5,4,4,8,4,12,0,0,0
DMF,29,56,0,6,4,4,8,4,12,0,0,0
DMF,30,58,0,7,4,4,8,4,12,0,0,0
DMF,31,60,0,8,4,4,8,4,12,0,0,0
DMF,32,62,0,8,4,4,8,5,12,0,0,0
DMF,33,64,0,8,4,4,8,4,13,0,0,0
DMF,34,66,0,8,4,4,8,5,13,0,0,0
DMF,35,68,0,8,4,4,8,4,14,0,0,0
DMF,36,70,0,8,4,4,8,5,14,0,0,0
DMF,37,72,0,8,4,4,8,4,15,0,0,0
DMF,38,74,0,8,4,4,8,5,15,0,0,0
DMF,39,76,0,8,4,4,8,4,16,0,0,0
DMF,40,78,0,8,4,4,8,5,16,0,0,0
DMF,41,80,0,8,4,4,8,6,16,0,0,0
DMF,42,82,0,8,4,4,8,7,16,0,0,0
DMF,43,84,0,8,4,4,8,8,16,0,0,0
DMF,44,86,0,8,5,4,8,8,16,0,0,0
DMF,45,88,1,8,4,4,9,8,16,0,0,0
DMF,46,90,0,8,4,4,10,8,16,0,0,0
DMF,47,92,0,8,5,4,10,8,16,0,0,0
DMF,48,94,1,8,4,4,11,8,16,0,0,0
DMF,49,96,0,8,4,4,12,8,16,0,0,0
DMF,50,98,0,8,5,4,12,8,16,0,0,0
DMF,51,100,0,8,6,4,12,8,16,0,0,0
DMF,52,102,1,8,4,4,12,8,17,0,0,0
DMF,53,104,1,8,5,4,12,8,17,0,0,0
DMF,54,106,0,8,4,4,12,8,18,0,0,0
DMF,55,108,0,8,5,4,12,8,18,0,0,0
DMF,56,110,0,8,6,4,12,8,18,0,0,0
DMF,57,112,1,8,4,4,12,8,19,0,0,0
DMF,58,114,1,8,5,4,12,8,19,0,0,0
DMF,59,116,0,8,4,4,12,8,20,0,0,0
DMF,60,118,0,8,5,4,12,8,20,0,0,0
DMF,61,120,0,8,6,4,12,8,20,0,0,0
DMF,62,122,0,8,7,4,12,8,20,0,0,0
DMF,63,124,0,8,8,4,12,8,20,0,0,0
DMF,64,126,0,8,8,5,12,8,20,0,0,0
DMF,65,128,1,9,8,4,12,8,20,0,0,0
DMF,66,130,0,10,8,4,12,8,20,0,0,0
DMF,67,132,0,10,8,5,12,8,20,0,0,0
DMF,68,134,1,11,8,4,12,8,20,0,0,0
DMF,69,136,0,12,8,4,12,8,20,0,0,0
DMF,70,138,0,12,8,5,12,8,20,0,0,0
DMF,71,140,0,12,8,4,13,8,20,0,0,0
DMF,72,142,0,12,8,4,12,8,21,0,0,0
DMF,73,144,0,12,8,5,12,8,21,0,0,0
DMF,74,146,0,12,8,4,13,8,21,0,0,0
DMF,75,148,0,12,8,4,12,8,22,0,0,0
DMF,76,150,0,12,8,5,12,8,22,0,0,0
DMF,77,152,0,12,8,4,13,8,22,0,0,0
DMF,78,154,0,12,8,4,12,8,23,0,0,0
DMF,79,156,0,12,8,5,12,8,23,0,0,0
DMF,80,158,0,12,8,4,13,8,23,0,0,0
DMF,81,160,0,12,8,4,12,8,24,0,0,0
CMF,1,0,0,0,0,0,0,0,0,0,0,0
CMF,2,2,0,2,0,0,0,0,0,0,0,0
CMF,3,4,0,4,0,0,0,0,0,0,0,0
CMF,4,6,0,4,0,0,2,0,0,0,0,0
CMF,5,8,0,4,0,0,4,0,0,0,0,0
CMF,6,10,0,4,2,0,4,0,0,0,0,0
CMF,7,12,0,4,4,0,4,0,0,0,0,0
CMF,8,14,0,4,4,0,4,0,2,0,0,0
CMF,9,16,0,4,4,0,4,0,4,0,0,0
CMF,10,18,0,4,4,2,4,0,4,0,0,0
CMF,11,20,0,4,4,4,4,0,4,0,0,0
CMF,12,22,0,5,4,4,4,0,4,0,0,0
CMF,13,24,0,6,4,4,4,0,4,0,0,0
CMF,14,26,0,7,4,4,4,0,4,0,0,0
CMF,15,28,0,8,4,4,4,0,4,0,0,0
CMF,16,30,0,8,4,4,5,0,4,0,0,0
CMF,17,32,0,8,4,4,6,0,4,0,0,0
CMF,18,34,0,8,4,4,7,0,4,0,0,0
CMF,19,36,0,8,4,4,8,0,4,0,0,0
CMF,20,38,0,8,5,4,8,0,4,0,0,0
CMF,21,40,0,8,6,4,8,0,4,0,0,0
CMF,22,42,0,8,7,4,8,0,4,0,0,0
CMF,23,44,0,8,8,4,8,0,4,0,0,0
CMF,24,46,0,8,8,4,8,0,5,0,0,0
CMF,25,48,1,9,8,4,8,0,4,0,0,0
CMF,26,50,0,10,8,4,8,0,4,0,0,0
CMF,27,52,0,10,8,4,8,0,5,0,0,0
CMF,28,54,1,11,8,4,8,0,4,0,0,0
CMF,29,56,0,12,8,4,8,0,4,0,0,0
CMF,30,58,0,12,8,4,8,0,5,0,0,0
CMF,31,60,0,12,8,4,8,0,6,0,0,0
CMF,32,62,0,12,8,4,8,0,7,0,0,0
CMF,33,64,0,12,8,4,8,0,8,0,0,0
CMF,34,66,0,12,8,5,8,0,8,0,0,0
CMF,35,68,1,12,8,4,9,0,8,0,0,0
CMF,36,70,0,12,8,4,10,0,8,0,0,0
CMF,37,72,0,12,8,5,10,0,8,0,0,0
CMF,38,74,1,12,8,4,11,0,8,0,0,0
CMF,39,76,0,12,8,4,12,0,8,0,0,0
CMF,40,78,0,12,8,5,12,0,8,0,0,0
CMF,41,80,1,12,9,4,12,0,8,0,0,0
CMF,42,82,0,12,10,4,12,0,8,0,0,0
CMF,43,84,0,12,10,5,12,0,8,0,0,0
CMF,44,86,1,12,11,4,12,0,8,0,0,0
CMF,45,88,0,12,12,4,12,0,8,0,0,0
CMF,46,90,0,12,12,5,12,0,8,0,0,0
CMF,47,92,0,12,12,6,12,0,8,0,0,0
CMF,48,94,0,12,12,7,12,0,8,0,0,0
CMF,49,96,0,12,12,8,12,0,8,0,0,0
CMF,50,98,2,12,12,8,12,0,8,0,0,0
CMF,51,100,4,12,12,8,12,0,8,0,0,0
CMF,52,102,4,12,12,8,12,2,8,0,0,0
CMF,53,104,4,13,12,8,12,0,8,0,0,0
CMF,54,106,4,13,12,8,12,2,8,0,0,0
CMF,55,108,4,14,12,8,12,0,8,0,0,0
CMF,56,110,4,14,12,8,12,2,8,0,0,0
CMF,57,112,4,15,12,8,12,0,8,0,0,0
CMF,58,114,4,15,12,8,12,2,8,0,0,0
CMF,59,116,4,16,12,8,12,0,8,0,0,0
CMF,60,118,4,16,12,8,12,2,8,0,0,0
CMF,61,120,4,16,12,8,12,4,8,0,0,0
CMF,62,122,5,16,12,8,12,4,8,0,0,0
CMF,63,124,4,16,12,8,13,4,8,0,0,0
CMF,64,126,5,16,12,8,13,4,8,0,0,0
CMF,65,128,4,16,12,8,14,4,8,0,0,0
CMF,66,130,5,16,12,8,14,4,8,0,0,0
CMF,67,132,4,16,12,8,15,4,8,0,0,0
CMF,68,134,5,16,12,8,15,4,8,0,0,0
CMF,69,136,4,16,12,8,16,4,8,0,0,0
CMF,70,138,5,16,12,8,16,4,8,0,0,0
CMF,71,140,4,16,13,8,16,4,8,0,0,0
CMF,72,142,5,16,13,8,16,4,8,0,0,0
CMF,73,144,4,16,14,8,16,4,8,0,0,0
CMF,74,146,5,16,14,8,16,4,8,0,0,0
CMF,75,148,4,16,15,8,16,4,8,0,0,0
CMF,76,150,5,16,15,8,16,4,8,0,0,0
CMF,77,152,4,16,16,8,16,4,8,0,0,0
CMF,78,154,5,16,16,8,16,4,8,0,0,0
CMF,79,156,4,16,16,8,16,4,9,1,0,0
CMF,80,158,4,16,16,8,16,4,10,0,0,0
CMF,81,160,5,16,16,8,16,4,10,0,0,0
LMF,1,0,0,0,0,0,0,0,0,0,0,0
LMF,2,2,0,0,0,0,2,0,0,0,0,0
LMF,3,4,0,0,0,0,4,0,0,0,0,0
LMF,4,6,0,0,2,0,4,0,0,0,0,0
LMF,5,8,0,0,4,0,4,0,0,0,0,0
LMF,6,10,0,2,4,0,4,0,0,0,0,0
LMF,7,12,0,4,4,0,4,0,0,0,0,0
LMF,8,14,0,4,4,2,4,0,0,0,0,0
LMF,9,16,0,4,4,4,4,0,0,0,0,0
LMF,10,18,0,4,4,4,5,0,0,0,0,0
LMF,11,20,0,4,4,4,6,0,0,0,0,0
LMF,12,22,0,4,4,4,7,0,0,0,0,0
LMF,13,24,0,4,4,4,8,0,0,0,0,0
LMF,14,26,0,4,5,4,8,0,0,0,0,0
LMF,15,28,0,4,6,4,8,0,0,0,0,0
LMF,16,30,0,4,7,4,8,0,0,0,0,0
LMF,17,32,0,4,8,4,8,0,0,0,0,0
LMF,18,34,0,5,8,4,8,0,0,0,0,0
LMF,19,36,0,6,8,4,8,0,0,0,0,0
LMF,20,38,0,7,8,4,8,0,0,0,0,0
LMF,21,40,0,8,8,4,8,0,0,0,0,0
LMF,22,42,0,8,8,5,8,0,0,0,0,0
LMF,23,44,0,8,8,6,8,0,0,0,0,0
LMF,24,46,0,8,8,7,8,0,0,0,0,0
LMF,25,48,0,8,8,8,8,0,0,0,0,0
LMF,26,50,2,8,8,8,8,0,0,0,0,0
LMF,27,52,4,8,8,8,8,0,0,0,0,0
LMF,28,54,4,8,8,8,8,0,2,0,0,0
LMF,29,56,4,8,8,8,9,0,1,0,0,0
LMF,30,58,4,8,8,8,10,0,0,0,0,0
LMF,31,60,4,8,8,8,10,0,2,0,0,0
LMF,32,62,4,8,8,8,11,0,1,0,0,0
LMF,33,64,4,8,8,8,12,0,0,0,0,0
LMF,34,66,4,8,8,8,12,0,2,0,0,0
LMF,35,68,4,8,9,8,12,0,1,0,0,0
LMF,36,70,4,8,10,8,12,0,0,0,0,0
LMF,37,72,4,8,10,8,12,0,2,0,0,0
LMF,38,74,4,8,11,8,12,0,1,0,0,0
LMF,39,76,4,8,12,8,12,0,0,0,0,0
LMF,40,78,4,8,12,8,12,0,2,0,0,0
LMF,41,80,4,9,12,8,12,0,1,0,0,0
LMF,42,82,4,10,12,8,12,0,0,0,0,0
LMF,43,84,4,10,12,8,12,0,2,0,0,0
LMF,44,86,4,11,12,8,12,0,1,0,0,0
LMF,45,88,4,12,12,8,12,0,0,0,0,0
LMF,46,90,4,12,12,8,12,0,2,0,0,0
LMF,47,92,4,12,12,8,12,0,4,0,0,0
LMF,48,94,5,12,12,8,12,0,4,0,0,0
LMF,49,96,4,12,12,9,12,1,4,0,0,0
LMF,50,98,4,12,12,10,12,0,4,0,0,0
LMF,51,100,5,12,12,10,12,0,4,0,0,0
LMF,52,102,4,12,12,11,12,1,4,0,0,0
LMF,53,104,4,12,12,12,12,0,4,0,0,0
LMF,54,106,5,12,12,12,12,0,4,0,0,0
LMF,55,108,4,12,12,12,13,0,4,0,0,0
LMF,56,110,5,12,12,12,13,0,4,0,0,0
LMF,57,112,4,12,12,12,14,0,4,0,0,0
LMF,58,114,5,12,12,12,14,0,4,0,0,0
LMF,59,116,4,12,12,12,15,0,4,0,0,0
LMF,60,118,5,12,12,12,15,0,4,0,0,0
LMF,61,120,4,12,12,12,16,0,4,0,0,0
LMF,62,122,5,12,12,12,16,0,4,0,0,0
LMF,63,124,4,12,13,12,16,0,4,0,0,0
LMF,64,126,5,12,13,12,16,0,4,0,0,0
LMF,65,128,4,12,14,12,16,0,4,0,0,0
LMF,66,130,5,12,14,12,16,0,4,0,0,0
LMF,67,132,4,12,15,12,16,0,4,0,0,0
LMF,68,134,5,12,15,12,16,0,4,0,0,0
LMF,69,136,4,12,16,12,16,0,4,0,0,0
LMF,70,138,5,12,16,12,16,0,4,0,0,0
LMF,71,140,4,13,16,12,16,0,4,0,0,0
LMF,72,142,5,13,16,12,16,0,4,0,0,0
LMF,73,144,4,14,16,12,16,0,4,0,0,0
LMF,74,146,5,14,16,12,16,0,4,0,0,0
LMF,75,148,4,15,16,12,16,0,4,0,0,0
LMF,76,150,5,15,16,12,16,0,4,0,0,0
LMF,77,152,4,16,16,12,16,0,4,0,0,0
LMF,78,154,5,16,16,12,16,0,4,0,0,0
LMF,79,156,4,16,16,13,16,0,4,0,0,0
LMF,80,158,5,16,16,13,16,0,4,0,0,0
LMF,81,160,4,16,16,14,16,0,4,0,0,0
RMF,1,0,0,0,0,0,0,0,0,0,0,0
RMF,2,2,0,0,0,0,2,0,0,0,0,0
RMF,3,4,0,0,0,0,4,0,0,0,0,0
RMF,4,6,0,0,2,0,4,0,0,0,0,0
RMF,5,8,0,0,4,0,4,0,0,0,0,0
RMF,6,10,0,2,4,0,4,0,0,0,0,0
RMF,7,12,0,4,4,0,4,0,0,0,0,0
RMF,8,14,0,4,4,2,4,0,0,0,0,0
RMF,9,16,0,4,4,4,4,0,0,0,0,0
RMF,10,18,0,4,4,4,5,0,0,0,0,0
RMF,11,20,0,4,4,4,6,0,0,0,0,0
RMF,12,22,0,4,4,4,7,0,0,0,0,0
RMF,13,24,0,4,4,4,8,0,0,0,0,0
RMF,14,26,0,4,5,4,8,0,0,0,0,0
RMF,15,28,0,4,6,4,8,0,0,0,0,0
RMF,16,30,0,4,7,4,8,0,0,0,0,0
RMF,17,32,0,4,8,4,8,0,0,0,0,0
RMF,18,34,0,5,8,4,8,0,0,0,0,0
RMF,19,36,0,6,8,4,8,0,0,0,0,0
RMF,20,38,0,7,8,4,8,0,0,0,0,0
RMF,21,40,0,8,8,4,8,0,0,0,0,0
RMF,22,42,0,8,8,5,8,0,0,0,0,0
RMF,23,44,0,8,8,6,8,0,0,0,0,0
RMF,24,46,0,8,8,7,8,0,0,0,0,0
RMF,25,48,0,8,8,8,8,0,0,0,0,0
RMF,26,50,2,8,8,8,8,0,0,0,0,0
RMF,27,52,4,8,8,8,8,0,0,0,0,0
RMF,28,54,4,8,8,8,8,0,2,0,0,0
RMF,29,56,4,8,8,8,9,0,1,0,0,0
RMF,30,58,4,8,8,8,10,0,0,0,0,0
RMF,31,60,4,8,8,8,10,0,2,0,0,0
RMF,32,62,4,8,8,8,11,0,1,0,0,0
RMF,33,64,4,8,8,8,12,0,0,0,0,0
RMF,34,66,4,8,8,8,12,0,2,0,0,0
RMF,35,68,4,8,9,8,12,0,1,0,0,0
RMF,36,70,4,8,10,8,12,0,0,0,0,0
RMF,37,72,4,8,10,8,12,0,2,0,0,0
RMF,38,74,4,8,11,8,12,0,1,0,0,0
RMF,39,76,4,8,12,8,12,0,0,0,0,0
RMF,40,78,4,8,12,8,12,0,2,0,0,0
RMF,41,80,4,9,12,8,12,0,1,0,0,0
RMF,42,82,4,10,12,8,12,0,0,0,0,0
RMF,43,84,4,10,12,8,12,0,2,0,0,0
RMF,44,86,4,11,12,8,12,0,1,0,0,0
RMF,45,88,4,12,12,8,12,0,0,0,0,0
RMF,46,90,4,12,12,8,12,0,2,0,0,0
RMF,47,92,4,12,12,8,12,0,4,0,0,0
RMF,48,94,5,12,12,8,12,0,4,0,0,0
RMF,49,96,4,12,12,9,12,1,4,0,0,0
RMF,50,98,4,12,12,10,12,0,4,0,0,0
RMF,51,100,5,12,12,10,12,0,4,0,0,0
RMF,52,102,4,12,12,11,12,1,4,0,0,0
RMF,53,104,4,12,12,12,12,0,4,0,0,0
RMF,54,106,5,12,12,12,12,0,4,0,0,0
RMF,55,108,4,12,12,12,13,0,4,0,0,0
RMF,56,110,5,12,12,12,13,0,4,0,0,0
RMF,57,112,4,12,12,12,14,0,4,0,0,0
RMF,58,114,5,12,12,12,14,0,4,0,0,0
RMF,59,116,4,12,12,12,15,0,4,0,0,0
RMF,60,118,5,12,12,12,15,0,4,0,0,0
RMF,61,120,4,12,12,12,16,0,4,0,0,0
RMF,62,122,5,12,12,12,16,0,4,0,0,0
RMF,63,124,4,12,13,12,16,0,4,0,0,0
RMF,64,126,5,12,13,12,16,0,4,0,0,0
RMF,65,128,4,12,14,12,16,0,4,0,0,0
RMF,66,130,5,12,14,12,16,0,4,0,0,0
RMF,67,132,4,12,15,12,16,0,4,0,0,0
RMF,68,134,5,12,15,12,16,0,4,0,0,0
RMF,69,136,4,12,16,12,16,0,4,0,0,0
RMF,70,138,5,12,16,12,16,0,4,0,0,0
RMF,71,140,4,13,16,12,16,0,4,0,0,0
RMF,72,142,5,13,16,12,16,0,4,0,0,0
RMF,73,144,4,14,16,12,16,0,4,0,0,0
RMF,74,146,5,14,16,12,16,0,4,0,0,0
RMF,75,148,4,15,16,12,16,0,4,0,0,0
RMF,76,150,5,15,16,12,16,0,4,0,0,0
RMF,77,152,4,16,16,12,16,0,4,0,0,0
RMF,78,154,5,16,16,12,16,0,4,0,0,0
RMF,79,156,4,16,16,13,16,0,4,0,0,0
RMF,80,158,5,16,16,13,16,0,4,0,0,0
RMF,81,160,4,16,16,14,16,0,4,0,0,0
AMF,1,0,0,0,0,0,0,0,0,0,0,0
AMF,2,2,0,0,2,0,0,0,0,0,0,0
AMF,3,4,0,0,4,0,0,0,0,0,0,0
AMF,4,6,0,2,4,0,0,0,0,0,0,0
AMF,5,8,0,4,4,0,0,0,0,0,0,0
AMF,6,10,0,4,4,2,0,0,0,0,0,0
AMF,7,12,0,4,4,4,0,0,0,0,0,0
AMF,8,14,0,4,4,4,2,0,0,0,0,0
AMF,9,16,0,4,4,4,4,0,0,0,0,0
AMF,10,18,2,4,4,4,4,0,0,0,0,0
AMF,11,20,4,4,4,4,4,0,0,0,0,0
AMF,12,22,4,4,5,4,4,0,0,0,0,0
AMF,13,24,4,4,6,4,4,0,0,0,0,0
AMF,14,26,4,4,7,4,4,0,0,0,0,0
AMF,15,28,4,4,8,4,4,0,0,0,0,0
AMF,16,30,4,5,8,4,4,0,0,0,0,0
AMF,17,32,4,6,8,4,4,0,0,0,0,0
AMF,18,34,4,7,8,4,4,0,0,0,0,0
AMF,19,36,4,8,8,4,4,0,0,0,0,0
AMF,20,38,4,8,8,5,4,0,0,0,0,0
AMF,21,40,4,8,8,6,4,0,0,0,0,0
AMF,22,42,4,8,8,7,4,0,0,0,0,0
AMF,23,44,4,8,8,8,4,0,0,0,0,0
AMF,24,46,4,8,8,8,5,0,0,0,0,0
AMF,25,48,4,8,9,8,4,0,1,0,0,0
AMF,26,50,4,8,10,8,4,0,0,0,0,0
AMF,27,52,4,8,10,8,5,0,0,0,0,0
AMF,28,54,4,8,11,8,4,0,1,0,0,0
AMF,29,56,4,8,12,8,4,0,0,0,0,0
AMF,30,58,4,8,12,8,5,0,0,0,0,0
AMF,31,60,4,8,12,8,6,0,0,0,0,0
AMF,32,62,4,8,12,8,7,0,0,0,0,0
AMF,33,64,4,8,12,8,8,0,0,0,0,0
AMF,34,66,5,8,12,8,8,0,0,0,0,0
AMF,35,68,4,9,12,8,8,0,1,0,0,0
AMF,36,70,4,10,12,8,8,0,0,0,0,0
AMF,37,72,5,10,12,8,8,0,0,0,0,0
AMF,38,74,4,11,12,8,8,0,1,0,0,0
AMF,39,76,4,12,12,8,8,0,0,0,0,0
AMF,40,78,5,12,12,8,8,0,0,0,0,0
AMF,41,80,6,12,12,8,8,0,0,0,0,0
AMF,42,82,7,12,12,8,8,0,0,0,0,0
AMF,43,84,8,12,12,8,8,0,0,0,0,0
AMF,44,86,8,12,12,8,8,0,2,0,0,0
AMF,45,88,8,12,13,8,8,0,0,0,0,0
AMF,46,90,8,12,13,8,8,0,2,0,0,0
AMF,47,92,8,12,14,8,8,0,0,0,0,0
AMF,48,94,8,12,14,8,8,0,2,0,0,0
AMF,49,96,8,12,15,8,8,0,0,0,0,0
AMF,50,98,8,12,15,8,8,0,2,0,0,0
AMF,51,100,8,12,16,8,8,0,0,0,0,0
AMF,52,102,8,12,16,8,8,0,2,0,0,0
AMF,53,104,8,12,16,9,8,0,1,0,0,0
AMF,54,106,8,12,16,10,8,0,0,0,0,0
AMF,55,108,8,12,16,10,8,0,2,0,0,0
AMF,56,110,8,12,16,11,8,0,1,0,0,0
AMF,57,112,8,12,16,12,8,0,0,0,0,0
AMF,58,114,8,12,16,12,8,0,2,0,0,0
AMF,59,116,8,13,16,12,8,0,0,0,0,0
AMF,60,118,8,13,16,12,8,0,2,0,0,0
AMF,61,120,8,14,16,12,8,0,0,0,0,0
AMF,62,122,8,14,16,12,8,0,2,0,0,0
AMF,63,124,8,15,16,12,8,0,0,0,0,0
AMF,64,126,8,15,16,12,8,0,2,0,0,0
AMF,65,128,8,16,16,12,8,0,0,0,0,0
AMF,66,130,8,16,16,12,8,0,2,0,0,0
AMF,67,132,8,16,16,12,9,0,1,0,0,0
AMF,68,134,8,16,16,12,10,0,0,0,0,0
AMF,69,136,8,16,16,12,10,0,2,0,0,0
AMF,70,138,8,16,16,12,11,0,1,0,0,0
AMF,71,140,8,16,16,12,12,0,0,0,0,0
AMF,72,142,8,16,16,12,12,0,2,0,0,0
AMF,73,144,8,16,16,12,12,0,4,0,0,0
AMF,74,146,8,16,16,12,12,2,4,0,0,0
AMF,75,148,8,16,16,13,12,0,4,0,0,0
AMF,76,150,8,16,17,12,12,1,4,0,0,0
AMF,77,152,9,16,17,12,12,0,4,0,0,0
AMF,78,154,8,16,18,12,12,0,4,0,0,0
AMF,79,156,8,16,18,12,12,2,4,0,0,0
AMF,80,158,8,16,18,13,12,0,4,0,0,0
AMF,81,160,8,16,19,12,12,1,4,0,0,0
LWF,1,0,0,0,0,0,0,0,0,0,0,0
LWF,2,2,0,0,2,0,0,0,0,0,0,0
LWF,3,4,0,0,4,0,0,0,0,0,0,0
LWF,4,6,0,0,4,2,0,0,0,0,0,0
LWF,5,8,0,0,4,4,0,0,0,0,0,0
LWF,6,10,0,0,4,4,2,0,0,0,0,0
LWF,7,12,0,0,4,4,4,0,0,0,0,0
LWF,8,14,0,0,5,4,4,0,0,0,0,0
LWF,9,16,0,0,6,4,4,0,0,0,0,0
LWF,10,18,0,0,7,4,4,0,0,0,0,0
LWF,11,20,0,0,8,4,4,0,0,0,0,0
LWF,12,22,0,0,8,5,4,0,0,0,0,0
LWF,13,24,0,0,8,6,4,0,0,0,0,0
LWF,14,26,0,0,8,7,4,0,0,0,0,0
LWF,15,28,0,0,8,8,4,0,0,0,0,0
LWF,16,30,2,0,8,8,4,0,0,0,0,0
LWF,17,32,4,0,8,8,4,0,0,0,0,0
LWF,18,34,4,2,8,8,4,0,0,0,0,0
LWF,19,36,4,4,8,8,4,0,0,0,0,0
LWF,20,38,4,4,8,8,5,0,0,0,0,0
LWF,21,40,4,4,8,8,6,0,0,0,0,0
LWF,22,42,4,4,8,8,7,0,0,0,0,0
LWF,23,44,4,4,8,8,8,0,0,0,0,0
LWF,24,46,5,4,8,8,8,0,0,0,0,0
LWF,25,48,4,4,9,8,8,1,0,0,0,0
LWF,26,50,4,4,10,8,8,0,0,0,0,0
LWF,27,52,5,4,10,8,8,0,0,0,0,0
LWF,28,54,4,4,11,8,8,1,0,0,0,0
LWF,29,56,4,4,12,8,8,0,0,0,0,0
LWF,30,58,5,4,12,8,8,0,0,0,0,0
LWF,31,60,4,4,12,9,8,1,0,0,0,0
LWF,32,62,4,4,12,10,8,0,0,0,0,0
LWF,33,64,5,4,12,10,8,0,0,0,0,0
LWF,34,66,4,4,12,11,8,1,0,0,0,0
LWF,35,68,4,4,12,12,8,0,0,0,0,0
LWF,36,70,5,4,12,12,8,0,0,0,0,0
LWF,37,72,4,4,12,12,9,1,0,0,0,0
LWF,38,74,4,4,12,12,10,0,0,0,0,0
LWF,39,76,5,4,12,12,10,0,0,0,0,0
LWF,40,78,4,4,12,12,11,1,0,0,0,0
LWF,41,80,4,4,12,12,12,0,0,0,0,0
LWF,42,82,5,4,12,12,12,0,0,0,0,0
LWF,43,84,4,4,13,12,12,0,0,0,0,0
LWF,44,86,5,4,13,12,12,0,0,0,0,0
LWF,45,88,4,4,14,12,12,0,0,0,0,0
LWF,46,90,5,4,14,12,12,0,0,0,0,0
LWF,47,92,4,4,15,12,12,0,0,0,0,0
LWF,48,94,5,4,15,12,12,0,0,0,0,0
LWF,49,96,4,4,16,12,12,0,0,0,0,0
LWF,50,98,5,4,16,12,12,0,0,0,0,0
LWF,51,100,4,4,16,13,12,0,0,0,0,0
LWF,52,102,5,4,16,13,12,0,0,0,0,0
LWF,53,104,4,4,16,14,12,0,0,0,0,0
LWF,54,106,5,4,16,14,12,0,0,0,0,0
LWF,55,108,4,4,16,15,12,0,0,0,0,0
LWF,56,110,5,4,16,15,12,0,0,0,0,0
LWF,57,112,4,4,16,16,12,0,0,0,0,0
LWF,58,114,5,4,16,16,12,0,0,0,0,0
LWF,59,116,6,4,16,16,12,0,0,0,0,0
LWF,60,118,7,4,16,16,12,0,0,0,0,0
LWF,61,120,8,4,16,16,12,0,0,0,0,0
LWF,62,122,8,5,16,16,12,0,0,0,0,0
LWF,63,124,8,6,16,16,12,0,0,0,0,0
LWF,64,126,8,7,16,16,12,0,0,0,0,0
LWF,65,128,8,8,16,16,12,0,0,0,0,0
LWF,66,130,8,8,16,16,12,2,0,0,0,0
LWF,67,132,8,8,16,16,12,4,0,0,0,0
LWF,68,134,8,8,16,16,12,4,2,0,0,0
LWF,69,136,8,8,16,16,13,4,0,0,0,0
LWF,70,138,8,8,16,16,13,4,2,0,0,0
LWF,71,140,8,8,16,16,14,4,0,0,0,0
LWF,72,142,8,8,16,16,14,4,2,0,0,0
LWF,73,144,8,8,16,16,15,4,0,0,0,0
LWF,74,146,8,8,16,16,15,4,2,0,0,0
LWF,75,148,8,8,16,16,16,4,0,0,0,0
LWF,76,150,8,8,16,16,16,4,2,0,0,0
LWF,77,152,9,8,16,16,16,4,1,0,0,0
LWF,78,154,8,8,17,16,16,4,1,0,0,0
LWF,79,156,9,8,17,16,16,4,0,0,0,0
LWF,80,158,8,8,18,16,16,4,0,0,0,0
LWF,81,160,8,8,18,16,16,4,2,0,0,0
RWF,1,0,0,0,0,0,0,0,0,0,0,0
RWF,2,2,0,0,2,0,0,0,0,0,0,0
RWF,3,4,0,0,4,0,0,0,0,0,0,0
RWF,4,6,0,0,4,2,0,0,0,0,0,0
RWF,5,8,0,0,4,4,0,0,0,0,0,0
RWF,6,10,0,0,4,4,2,0,0,0,0,0
RWF,7,12,0,0,4,4,4,0,0,0,0,0
RWF,8,14,0,0,5,4,4,0,0,0,0,0
RWF,9,16,0,0,6,4,4,0,0,0,0,0
RWF,10,18,0,0,7,4,4,0,0,0,0,0
RWF,11,20,0,0,8,4,4,0,0,0,0,0
RWF,12,22,0,0,8,5,4,0,0,0,0,0
RWF,13,24,0,0,8,6,4,0,0,0,0,0
RWF,14,26,0,0,8,7,4,0,0,0,0,0
RWF,15,28,0,0,8,8,4,0,0,0,0,0
RWF,16,30,2,0,8,8,4,0,0,0,0,0
RWF,17,32,4,0,8,8,4,0,0,0,0,0
RWF,18,34,4,2,8,8,4,0,0,0,0,0
RWF,19,36,4,4,8,8,4,0,0,0,0,0
RWF,20,38,4,4,8,8,5,0,0,0,0,0
RWF,21,40,4,4,8,8,6,0,0,0,0,0
RWF,22,42,4,4,8,8,7,0,0,0,0,0
RWF,23,44,4,4,8,8,8,0,0,0,0,0
RWF,24,46,5,4,8,8,8,0,0,0,0,0
RWF,25,48,4,4,9,8,8,1,0,0,0,0
RWF,26,50,4,4,10,8,8,0,0,0,0,0
RWF,27,52,5,4,10,8,8,0,0,0,0,0
RWF,28,54,4,4,11,8,8,1,0,0,0,0
RWF,29,56,4,4,12,8,8,0,0,0,0,0
RWF,30,58,5,4,12,8,8,0,0,0,0,0
RWF,31,60,4,4,12,9,8,1,0,0,0,0
RWF,32,62,4,4,12,10,8,0,0,0,0,0
RWF,33,64,5,4,12,10,8,0,0,0,0,0
RWF,34,66,4,4,12,11,8,1,0,0,0,0
RWF,35,68,4,4,12,12,8,0,0,0,0,0
RWF,36,70,5,4,12,12,8,0,0,0,0,0
RWF,37,72,4,4,12,12,9,1,0,0,0,0
RWF,38,74,4,4,12,12,10,0,0,0,0,0
RWF,39,76,5,4,12,12,10,0,0,0,0,0
RWF,40,78,4,4,12,12,11,1,0,0,0,0
RWF,41,80,4,4,12,12,12,0,0,0,0,0
RWF,42,82,5,4,12,12,12,0,0,0,0,0
RWF,43,84,4,4,13,12,12,0,0,0,0,0
RWF,44,86,5,4,13,12,12,0,0,0,0,0
RWF,45,88,4,4,14,12,12,0,0,0,0,0
RWF,46,90,5,4,14,12,12,0,0,0,0,0
RWF,47,92,4,4,15,12,12,0,0,0,0,0
RWF,48,94,5,4,15,12,12,0,0,0,0,0
RWF,49,96,4,4,16,12,12,0,0,0,0,0
RWF,50,98,5,4,16,12,12,0,0,0,0,0
RWF,51,100,4,4,16,13,12,0,0,0,0,0
RWF,52,102,5,4,16,13,12,0,0,0,0,0
RWF,53,104,4,4,16,14,12,0,0,0,0,0
RWF,54,106,5,4,16,14,12,0,0,0,0,0
RWF,55,108,4,4,16,15,12,0,0,0,0,0
RWF,56,110,5,4,16,15,12,0,0,0,0,0
RWF,57,112,4,4,16,16,12,0,0,0,0,0
RWF,58,114,5,4,16,16,12,0,0,0,0,0
RWF,59,116,6,4,16,16,12,0,0,0,0,0
RWF,60,118,7,4,16,16,12,0,0,0,0,0
RWF,61,120,8,4,16,16,12,0,0,0,0,0
RWF,62,122,8,5,16,16,12,0,0,0,0,0
RWF,63,124,8,6,16,16,12,0,0,0,0,0
RWF,64,126,8,7,16,16,12,0,0,0,0,0
RWF,65,128,8,8,16,16,12,0,0,0,0,0
RWF,66,130,8,8,16,16,12,2,0,0,0,0
RWF,67,132,8,8,16,16,12,4,0,0,0,0
RWF,68,134,8,8,16,16,12,4,2,0,0,0
RWF,69,136,8,8,16,16,13,4,0,0,0,0
RWF,70,138,8,8,16,16,13,4,2,0,0,0
RWF,71,140,8,8,16,16,14,4,0,0,0,0
RWF,72,142,8,8,16,16,14,4,2,0,0,0
RWF,73,144,8,8,16,16,15,4,0,0,0,0
RWF,74,146,8,8,16,16,15,4,2,0,0,0
RWF,75,148,8,8,16,16,16,4,0,0,0,0
RWF,76,150,8,8,16,16,16,4,2,0,0,0
RWF,77,152,9,8,16,16,16,4,1,0,0,0
RWF,78,154,8,8,17,16,16,4,1,0,0,0
RWF,79,156,9,8,17,16,16,4,0,0,0,0
RWF,80,158,8,8,18,16,16,4,0,0,0,0
RWF,81,160,8,8,18,16,16,4,2,0,0,0
SS,1,0,0,0,0,0,0,0,0,0,0,0
SS,2,2,0,0,2,0,0,0,0,0,0,0
SS,3,4,0,0,4,0,0,0,0,0,0,0
SS,4,6,0,0,4,2,0,0,0,0,0,0
SS,5,8,0,0,4,4,0,0,0,0,0,0
SS,6,10,2,0,4,4,0,0,0,0,0,0
SS,7,12,4,0,4,4,0,0,0,0,0,0
SS,8,14,4,0,4,4,2,0,0,0,0,0
SS,9,16,4,0,4,4,4,0,0,0,0,0
SS,10,18,4,0,5,4,4,0,0,0,0,0
SS,11,20,4,0,6,4,4,0,0,0,0,0
SS,12,22,4,0,7,4,4,0,0,0,0,0
SS,13,24,4,0,8,4,4,0,0,0,0,0
SS,14,26,4,0,8,5,4,0,0,0,0,0
SS,15,28,4,0,8,6,4,0,0,0,0,0
SS,16,30,4,0,8,7,4,0,0,0,0,0
SS,17,32,4,0,8,8,4,0,0,0,0,0
SS,18,34,4,2,8,8,4,0,0,0,0,0
SS,19,36,4,4,8,8,4,0,0,0,0,0
SS,20,38,5,4,8,8,4,0,0,0,0,0
SS,21,40,6,4,8,8,4,0,0,0,0,0
SS,22,42,7,4,8,8,4,0,0,0,0,0
SS,23,44,8,4,8,8,4,0,0,0,0,0
SS,24,46,8,4,8,8,5,0,0,0,0,0
SS,25,48,8,4,9,8,4,1,0,0,0,0
SS,26,50,8,4,10,8,4,0,0,0,0,0
SS,27,52,8,4,10,8,5,0,0,0,0,0
SS,28,54,8,4,11,8,4,1,0,0,0,0
SS,29,56,8,4,12,8,4,0,0,0,0,0
SS,30,58,8,4,12,8,5,0,0,0,0,0
SS,31,60,8,4,12,8,6,0,0,0,0,0
SS,32,62,8,4,12,8,7,0,0,0,0,0
SS,33,64,8,4,12,8,8,0,0,0,0,0
SS,34,66,8,4,12,8,8,2,0,0,0,0
SS,35,68,8,4,12,9,8,1,0,0,0,0
SS,36,70,8,4,12,10,8,0,0,0,0,0
SS,37,72,8,4,12,10,8,2,0,0,0,0
SS,38,74,8,4,12,11,8,1,0,0,0,0
SS,39,76,8,4,12,12,8,0,0,0,0,0
SS,40,78,8,4,12,12,8,2,0,0,0,0
SS,41,80,8,4,13,12,8,0,0,0,0,0
SS,42,82,8,4,13,12,8,2,0,0,0,0
SS,43,84,8,4,14,12,8,0,0,0,0,0
SS,44,86,8,4,14,12,8,2,0,0,0,0
SS,45,88,8,4,15,12,8,0,0,0,0,0
SS,46,90,8,4,15,12,8,2,0,0,0,0
SS,47,92,8,4,16,12,8,0,0,0,0,0
SS,48,94,8,4,16,12,8,2,0,0,0,0
SS,49,96,9,4,16,12,8,1,0,0,0,0
SS,50,98,10,4,16,12,8,0,0,0,0,0
SS,51,100,10,4,16,12,8,2,0,0,0,0
SS,52,102,11,4,16,12,8,1,0,0,0,0
SS,53,104,12,4,16,12,8,0,0,0,0,0
SS,54,106,12,4,16,12,8,2,0,0,0,0
SS,55,108,12,4,16,12,8,4,0,0,0,0
SS,56,110,12,5,16,12,8,4,0,0,0,0
SS,57,112,12,4,16,13,8,4,0,0,0,0
SS,58,114,12,5,16,13,8,4,0,0,0,0
SS,59,116,12,4,16,14,8,4,0,0,0,0
SS,60,118,12,5,16,14,8,4,0,0,0,0
SS,61,120,12,4,16,15,8,4,0,0,0,0
SS,62,122,12,5,16,15,8,4,0,0,0,0
SS,63,124,12,4,16,16,8,4,0,0,0,0
SS,64,126,12,5,16,16,8,4,0,0,0,0
SS,65,128,12,6,16,16,8,4,0,0,0,0
SS,66,130,12,7,16,16,8,4,0,0,0,0
SS,67,132,12,8,16,16,8,4,0,0,0,0
SS,68,134,12,8,16,16,8,5,0,0,0,0
SS,69,136,12,8,16,16,9,4,0,1,0,0
SS,70,138,12,8,17,16,8,4,0,1,0,0
SS,71,140,12,8,17,16,9,4,0,0,0,0
SS,72,142,12,8,18,16,8,4,0,0,0,0
SS,73,144,12,8,18,16,8,5,0,0,0,0
SS,74,146,12,8,18,16,9,4,0,1,0,0
SS,75,148,12,8,19,16,8,4,0,1,0,0
SS,76,150,12,8,19,16,9,4,0,0,0,0
SS,77,152,12,8,20,16,8,4,0,0,0,0
SS,78,154,12,8,20,16,8,5,0,0,0,0
SS,79,156,12,8,20,16,9,4,0,1,0,0
SS,80,158,12,8,20,16,10,4,0,0,0,0
SS,81,160,12,8,20,16,10,5,0,0,0,0
CF,1,0,0,0,0,0,0,0,0,0,0,0
CF,2,2,0,0,0,2,0,0,0,0,0,0
CF,3,4,0,0,0,4,0,0,0,0,0,0
CF,4,6,2,0,0,4,0,0,0,0,0,0
CF,5,8,4,0,0,4,0,0,0,0,0,0
CF,6,10,4,0,0,4,2,0,0,0,0,0
CF,7,12,4,0,0,4,4,0,0,0,0,0
CF,8,14,4,0,2,4,4,0,0,0,0,0
CF,9,16,4,0,4,4,4,0,0,0,0,0
CF,10,18,4,0,4,4,4,2,0,0,0,0
CF,11,20,4,0,4,4,4,4,0,0,0,0
CF,12,22,4,0,4,5,4,4,0,0,0,0
CF,13,24,4,0,4,6,4,4,0,0,0,0
CF,14,26,4,0,4,7,4,4,0,0,0,0
CF,15,28,4,0,4,8,4,4,0,0,0,0
CF,16,30,5,0,4,8,4,4,0,0,0,0
CF,17,32,6,0,4,8,4,4,0,0,0,0
CF,18,34,7,0,4,8,4,4,0,0,0,0
CF,19,36,8,0,4,8,4,4,0,0,0,0
CF,20,38,8,0,4,8,5,4,0,0,0,0
CF,21,40,8,0,4,9,4,4,0,1,0,0
CF,22,42,8,0,4,10,4,4,0,0,0,0
CF,23,44,8,0,4,10,5,4,0,0,0,0
CF,24,46,8,0,4,11,4,4,0,1,0,0
CF,25,48,8,0,4,12,4,4,0,0,0,0
CF,26,50,8,0,4,12,5,4,0,0,0,0
CF,27,52,8,0,4,12,6,4,0,0,0,0
CF,28,54,8,0,4,12,7,4,0,0,0,0
CF,29,56,8,0,4,12,8,4,0,0,0,0
CF,30,58,8,0,5,12,8,4,0,0,0,0
CF,31,60,9,0,4,12,8,4,0,1,0,0
CF,32,62,10,0,4,12,8,4,0,0,0,0
CF,33,64,10,0,5,12,8,4,0,0,0,0
CF,34,66,11,0,4,12,8,4,0,1,0,0
CF,35,68,12,0,4,12,8,4,0,0,0,0
CF,36,70,12,0,5,12,8,4,0,0,0,0
CF,37,72,12,0,6,12,8,4,0,0,0,0
CF,38,74,12,0,7,12,8,4,0,0,0,0
CF,39,76,12,0,8,12,8,4,0,0,0,0
CF,40,78,12,0,8,12,8,5,0,0,0,0
CF,41,80,12,0,8,12,8,6,0,0,0,0
CF,42,82,12,0,8,12,8,7,0,0,0,0
CF,43,84,12,0,8,12,8,8,0,0,0,0
CF,44,86,12,0,8,12,8,8,0,2,0,0
CF,45,88,12,0,8,13,8,8,0,0,0,0
CF,46,90,12,0,8,13,8,8,0,2,0,0
CF,47,92,12,0,8,14,8,8,0,0,0,0
CF,48,94,12,0,8,14,8,8,0,2,0,0
CF,49,96,12,0,8,15,8,8,0,0,0,0
CF,50,98,12,0,8,15,8,8,0,2,0,0
CF,51,100,12,0,8,16,8,8,0,0,0,0
CF,52,102,12,0,8,16,8,8,0,2,0,0
CF,53,104,13,0,8,16,8,8,0,0,0,0
CF,54,106,13,0,8,16,8,8,0,2,0,0
CF,55,108,14,0,8,16,8,8,0,0,0,0
CF,56,110,14,0,8,16,8,8,0,2,0,0
CF,57,112,15,0,8,16,8,8,0,0,0,0
CF,58,114,15,0,8,16,8,8,0,2,0,0
CF,59,116,16,0,8,16,8,8,0,0,0,0
CF,60,118,16,0,8,16,8,8,0,2,0,0
CF,61,120,16,0,8,16,9,8,0,1,0,0
CF,62,122,16,0,8,16,10,8,0,0,0,0
CF,63,124,16,0,8,16,10,8,0,2,0,0
CF,64,126,16,0,8,16,11,8,0,1,0,0
CF,65,128,16,0,8,16,12,8,0,0,0,0
CF,66,130,16,0,8,16,12,8,0,2,0,0
CF,67,132,16,0,9,16,12,8,0,1,0,0
CF,68,134,16,0,8,17,12,8,0,1,0,0
CF,69,136,16,0,9,17,12,8,0,0,0,0
CF,70,138,16,0,8,18,12,8,0,0,0,0
CF,71,140,16,0,8,18,12,8,0,2,0,0
CF,72,142,16,0,9,18,12,8,0,1,0,0
CF,73,144,16,0,8,19,12,8,0,1,0,0
CF,74,146,16,0,9,19,12,8,0,0,0,0
CF,75,148,16,0,8,20,12,8,0,0,0,0
CF,76,150,16,0,8,20,12,8,0,2,0,0
CF,77,152,16,0,9,20,12,8,0,1,0,0
CF,78,154,17,0,8,20,12,8,0,1,0,0
CF,79,156,17,0,9,20,12,8,0,0,0,0
CF,80,158,18,0,8,20,12,8,0,0,0,0
CF,81,160,18,0,8,20,12,8,0,2,0,0
